question,option1,option2,option3,option4,answer,image
ข้อใดเป็นประเภทของ Machine learning,Supervised learning,Unsupervised learning,Semi-supervised learning,ถูกทุกข้อ,4,NULL
ข้อใดไม่ใช่ลักษณะ training data สำหรับ supervised learning,ทุก ๆ sample มีแต่ features อย่างเดียวไม่มี target,ทุก ๆ sample ต้องมีทั้ง features และ target,Target สามารถเป็นได้ทั้ง discrete หรือ continuous values ก็ได้,"Features สามารถเป็น text, image, categorical หรือว่า numeric ก็ได้",1,NULL
ข้อใดกล่าวไม่ถูกต้องเกี่ยวกับ Supervised learning,เป้าหมายของ Supervised learning คือทำนายข้อมูลที่ไม่เคยเห็นมาก่อน,Training คือการหาโมเดลเพื่อ map ค่า features ไปยัง target,Inference คือการเอาโมเดลที่ trained แล้วไปใช้กับข้อมูลใหม่,เทคนิคหนึ่งของ Supervised learning คือการจัดกลุ่มข้อมูล (Clustering),4,NULL
ข้อใดกล่าวผิดเกี่ยวกับ Linear regression,จำนวน Model parameters เท่ากับ จำนวน Features + 1,เป็นการ map ค่า features ไป target เป็นแบบ Linear,Target เป็น Continuous values,Target เป็น Discrete values,4,NULL
ข้อใดกล่าวผิดเกี่ยวกับ Learning algorithm,Algorithm ที่ใช้หา Model parameters ที่เหมาะสม,Algorithm ที่ใช้หา Hyper-parameters ที่เหมาะสม,Algorithm ที่ใช้หา Hyper-parameters ที่เหมาะสม,บาง Algorithm มีการวนลูปเวลาหาคำตอบ,3,NULL
ข้อใดกล่าวผิดเกี่ยวกับ Loss function,เป็น Function ที่ Learning algorithm ใช้สำหรับ Minimise,ค่า Loss เยอะๆ ยิ่งดี,เป็น Function ที่วัดค่าความแตกต่างของสิ่งที่โมเดลทำนายกับค่าจริง,Mean squared error เป็น Loss function ประเภทหนึ่งที่ใช้ใน regression,2,NULL
ข้อใดกล่าวผิดเกี่ยวกับ Hyper-parameters,เป็นค่าที่ถูกกำหนดก่อนการเทรนโมเดล,เป็นค่าที่มีการเปลี่ยนแปลงด้วย Learning algorithm,สามารถหาค่าที่เหมาะสมได้จากการวัดประสิทธิภาพของโมเดลในระหว่างการทำ cross-validation,เป็นค่าที่ควบคุมการหาค่า Model parameters ให้ตรงกับความต้องการ,2,NULL
วิธีใดเพิ่ม model complexity ในกรณีของ Linear regression model,เพิ่ม Polynomial degree,ลด Polynomial degree,ลด Features,ไม่มีข้อใดถูก,1,NULL
เมื่อ Model complexity เพิ่มขึ้น แนวโน้มของ Training error จะเป็นอย่างไร,เพิ่มขึ้น,ลดลง,XX,XX,2,NULL
ข้อใดไม่ใช่เหตุผลในการทำ Train-test splits หรือ cross-validations ใน Machine learning project,เพื่อป้องกันการ Overfitting,เพื่อสามารถตรวจสอบได้ว่าโมเดล Overfitting หรือไม่,เพื่อ Tune hyper-parameters,เพื่อใช้สำหรับ Model selection,1,NULL
หากเราต้องการวัดค่า Unbiased generalisation performance เราต้องแยก Test set ออกจาก Process ใดบ้าง,Training,Hyper-parameter tuning,Model selection,ถูกทุกข้อ,4,NULL
ข้อใดคือคำจำกัดความของ Overfitting,Training error < Test error,เมื่อเพิ่ม Model complexity แล้ว Training error ลดลง แต่ Test error เพิ่มขึ้น,Test error < Training error,Training error สูง,2,NULL
ข้อใดกล่าวผิดเกี่ยวกับ Ridge regression,Linear regression ที่มี Regularisation term,Regularization term ที่ใช้คือ L2-norm,Regularization term ที่ใช้คือ L1-norm,Regularization term ที่ใช้มีชื่อเรียกอีกอย่างหนึ่งว่า Weight decay,3,NULL
Weight decay term ทำให้เกิดปรากฏการณ์ดังต่อไปนี้,Weights ที่ Learning algorithms หาได้จะมีค่าเข้าใกล้ศูนย์,ทำให้ลดการ Overfitting,เปรียบเสมือนการเลือก Features โดยอัตโนมัติ,ถูกทุกข้อ,4,NULL
การแก้ปัญหา Overfitting ทำได้โดย,เพิ่ม Training samples,ใส่ Regularisation term ลงไปใน Loss function,ลดจำนวน Degrees of polynomials ในกรณีของ Linear regression models,ถูกทุกข้อ,4,NULL
โมเดลที่เหมาะสมควรมี,"Low bias, high variance","Low bias, low variance","High bias, high variance","High biag, high variance",2,NULL
Total error ประกอบด้วย,Bias,Variance,Irreducible error,ถูกทุกข้อ,4,NULL
Error ประเภทใดไม่ขึ้นอยู่กับ Model complexity หรือโมเดลที่เลือกใช้,Bias,Variance,Irreducible error,ถูกทุกข้อ,3,NULL
ข้อใดไม่สามารถใช้เป็น Evaluation metrics สำหรับปัญหา Regression,Root Mean Squared Error (RMSE),Mean Absolute Error (MAE),Accuracy,R-squared,3,NULL
ค่าของ R-squared อยู่ในช่วงใด,"[-1,1]","[0,1]","[0,inf)","(-inf,inf)",2,NULL
ค่าของ Normalized root mean squared error (NRMSE) อยู่ในช่วงใด,"[-1,1]","[0,1]","[0,inf)","(-inf,inf)",3,NULL
ข้อใดเรียงลำดับขั้นตอนในการ Machine learning project ไม่เหมาะสม,Split train-test -> Train model -> Evaluate model,Cross-validation -> Train model -> Evaluate model,Data transformation ด้วย fit_transform -> Split train-test -> Train model -> Evaluate model,XXX,3,NULL
โปรแกรมทำนายประเภทของเพลงว่าเป็น Genre อะไร (เช่น เพลง Forget Me Nots เป็นทั้งแนว Pop และ Jazz) เป็น Classification ประเภทใด,Multi-label classification,Multi-class classification,Binary classification,XXX,1,NULL
โปรแกรมทำนายว่า E-mail ใดเป็น Spam เป็น Classification ประเภทใด,Multi-label classification,Multi-class classification,Binary classification,XXX,3,NULL
โปรแกรมรู้จำเสียงพูด (Speech recognition) เป็น Classification ประเภทใด,Multi-label classification,Multi-class classification,Binary classification,XXX,2,NULL
ข้อใดคือชื่อของ Binary classifier,Ridge regression,Linear regression,Logistic regression,Lasso regression,3,NULL
ถ้าต้องการทำ Multi-class classification ที่สามารถได้ 4 คลาส จะต้องสร้าง Binary classifier อย่างน้อยที่สุดกี่อัน โดยที่คำนึงถึง Unknown class ด้วย,1,3,4,6,3,NULL
ข้อใดคือ Loss function ที่เหมาะสมในการทำ Binary classification,Root Mean Squared Error (RMSE),Mean Absolute Error (MAE),Cross entropy loss,ถูกทุกข้อ,3,NULL
ตัวเลือกใดไม่เหมาะใช้เป็น Evaluation metrics สำหรับปัญหา Classification,Confusion matrix,Mean Squared Error,Precision-recall และ F1-score,Accuracy,2,NULL
เส้นทแยงมุมใน ROC curve ใกล้เคียงกับประสิทธิภาพของ Classifier ประเภทใดมากที่สุด,Perfect classifier,Random classifier,Classifier ที่ Overfitting กับ Training data,Classifier ที่ Underfitting กับ Training data,2,NULL
ค่าใดต่อไปนี้ไม่ควรใช้วัดประสิทธิภาพของโมเดลได้โดยลำพัง,Precision,Accuracy,F1-score,XXX,1,NULL
Imbalanced dataset คืออะไร,ข้อมูลที่มีจำนวน Features มาก,ข้อมูลที่มีจำนวน Samples ในแต่ละคลาสแตกต่างกันมาก,ข้อมูลที่มี Missing values,ข้อมูลที่ไม่มี Labels,2,NULL
เทคนิคใดต่อไปนี้สามารถช่วยแก้ปัญหา Imbalanced dataset ได้,Oversampling ของ Minority class,Undersampling ของ Majority class,ปรับปรุง Cost function โดยให้น้ำหนักของ Minority class มากขึ้น,ถูกทุกข้อ,4,NULL
คำกล่าวต่อไปนี้ถูกต้องหรือไม่ “การทำ Oversampling ควรทำก่อน Train-test splits”,ถูกต้อง,ไม่ถูกต้อง,XXX,XXX,2,NULL
Linear regression model ที่ใช้ L1-norm เป็น Regularization term ใน Cost function มีชื่อว่าอะไร,Ridge regression,Linear regression,Elastic Net,Lasso regression,4,NULL
Linear regression model ที่ใช้ L1-norm และ L2-norm เป็น Regularization term ใน Cost function มีชื่อว่าอะไร,Ridge regression,Elastic Net,Logistic regression,Lasso regression,2,NULL
"Model ดังต่อไปนี้ให้ความสำคัญกับ Feature ใดมากที่สุดในการทำนาย โดยค่าของ Features ทั้งหมด xi;i=1,2,3,4 อยู่ใน Scale เดียวกัน",x1,x2,x3,x4,2,Super2_617100e9016cc.png
Activation function ใดที่สามารถใช้ได้ใน Hidden layers,Tanh,ReLu,Sigmoid,ถูกทุกข้อ,4,NULL
Output activation function ควรใช้สำหรับ Binary classification,Tanh,ReLu,Sigmoid,ไม่ใช้ Activation function,3,NULL
ตัวเลือกใดเป็นการลด Model complexity ของ Neural network,เพิ่มจำนวน Hidden layers,เพิ่มจำนวน Nodes ใน Hidden layers,ลดจำนวน Hidden layers หรือ ลดจำนวน Nodes ใน Hidden layers,XXX,3,NULL
สมการใดใช้สำหรับการทำนายใน Linear SVM classifier โดย y hat เป็น  Class ที่โมเดลทำนาย w เป็น Model parameter vector และ x เป็น Feature vector,a,b,c,d,1,super3_617102b7bdfa7.png
ตัวเลือกใดเป็น Loss function ของ Linear SVM classifier สำหรับ Binary classificationโดย,a,b,c,d,1,Screenshot_93.png
ตัวเลือกใดเป็นการทำ Regularization ใน SVM,เพิ่มค่า Slack variable,ลดค่า Slack variable,ใช้ Kernel ที่มีความซับซ้อนมากขึ้น,ลดค่า E (ตัวคล้าย e อะไรวะ) สำหรับ Regression,2,NULL
ตัวเลือกใดกล่าวถูกต้องเกี่ยวกับ Gini index,ค่าที่ใช้วัดความไม่บริสุทธิ์ (Impurity) ของ Node ใดๆใน Decision tree,ค่าที่ใช้วัดความบริสุทธิ์ (Purity) ของ Node ใดๆใน Decision tree,Gini index ของ Node หนึ่งๆ จะเป็น 0 เมื่อใน Node หนึ่ง ๆ มี Samples ที่มาจากแต่ละคลาสด้วยจำนวนเท่า ๆ กัน,XXX,1,NULL
ตัวเลือกใดเป็นการลด Model complexity ของ Decision tree,เพิ่มความลึกของต้นไม้,เพิ่มจำนวน Samples น้อยสุดที่จะเกิดการ Split,ลดจำนวน Samples น้อยสุดที่จะเกิดการ Split,XXX,2,NULL
ตัวเลือกใดต่อไปนี้กล่าวถูกต้อง,การสร้าง Decision tree เป็น Greedy algorithm,การทำ Feature scaling มีผลต่อผลลัพธ์ของต้นไม้,Decision tree อาจมี Decision boundaries ที่ไม่ตั้งฉากกัน,Decision tree ใช้ได้กับ Classification เท่านั้น,1,NULL
Ensemble learning จะได้ผลดีถ้า,มีโมเดลที่หลากหลายมากเพียงพอ,โมเดลแต่ละโมเดลที่เทรนจะต้องเป็นประเภทเดียวกัน,ใช้ Majority vote ในการรวบรวมเป็นคำตอบสุดท้ายเท่านั้น,มีโมเดลที่มี Performance ที่สูงๆเท่านั้น,1,NULL
ตัวเลือกใดเป็นประเภทของ Ensemble learning,Bagging,Boosting,Stacking,ถูกทุกตัวเลือก,4,NULL
ข้อใดกล่าวถูกต้อง,Bagging สามารถสร้างโมเดลหลายๆโมเดลแบบ Parallel ได้,Boosting ไม่สามารถสร้างโมเดลหลายๆโมเดลแบบ Parallel ได้ เนื่องจากต้องพยายามแก้ไข Error ที่เกิดจากโมเดลก่อนหน้า,Stacking มีการเทรนโมเดลอีกตัวหนึ่งเพื่อมารวบรวมคำตอบเพื่อเป็นคำตอบสุดท้าย,ถูกทุกตัวเลือก,4,NULL
ตัวเลือกใดกล่าวถูกต้องเกี่ยวกับ Random forest,สุ่ม Subset of features ที่จะเอามาเพื่อสร้างต้นไม้แต่ละต้น,สุ่ม Subset of samples ที่จะเอามาเพื่อสร้างต้นไม้แต่ละต้น,Random forest เป็นเทคนิคประเภท Bagging,ถูกทุกตัวเลือก,4,NULL
ตัวเลือกใดเป็นการลด Model complexity ของ Random forest,ลดจำนวนต้นไม้,เพิ่มจำนวนต้นไม้,เพิ่มจำนวน Features ที่เอามาพิจารณาตอนสร้างต้นไม้,XXX,1,NULL
การรวมคำตอบเพื่อเป็นคำตอบสุดท้ายของ Random forest ทำอย่างไร,หาค่าเฉลี่ยจากคำตอบของต้นไม้ทุกต้น,เทรน Linear regression บนคำตอบของต้นไม้ทุกต้น,ใช้คำตอบของต้นไม้ที่มีผลการทำนายดีสุด,ใช้คำตอบของต้นไม้ที่ใหญ่ที่สุด,1,NULL
ตัวเลือกใดกล่าวถูกต้อง,"AdaBoost, Gradient Boosting, XGBoost ใช้สำหรับ Classification และ Regression",Stump คือ Decision tree ที่มีความลึก 1 หน่วย ประกอบไปด้วย 1 Decision node และ 2 Leaf nodes,"AdaBoost, Gradient Boosting, XGBoost ใช้ Weak learners หลายๆตัวในการหาคำตอบสุดท้าย",ถูกทุกตัวเลือก,4,NULL
ตัวเลือกใดไม่ใช่จุดประสงค์ของการทำ Feature engineering,เพื่อให้ข้อมูลมีความเหมาะสมในการเทรนโมเดลมากขึ้น,เพื่อให้แปลความหมายได้เหมาะสมขึ้น,เพื่อทำให้ความสัมพันธ์ระหว่าง Features กับ Target มีความซับซ้อนลดลง,เพื่อแก้ปัญหา Overfitting,4,NULL
Mutual information ที่ใช้วัดความสัมพันธ์ของตัวแปรสองตัวใดๆ มีค่าอยู่ในช่วงใด,"[-1,1]","[0,1]","[0,inf)","(-inf,inf)",3,NULL
ตัวเลือกใดไม่ใช่ตัวอย่างของการทำ Feature engineering,การสร้าง Feature ใหม่ที่บ่งบอกอัตราส่วนการใช้บัตรเครดิตต่อวงเงินในแต่ละเดือน,การนำ Features และ Target มาทำ Clustering และใช้ Cluster label เป็น Feature ใหม่,การสร้าง Feature ใหม่ที่บ่งบอกว่านักศึกษาคนหนึ่งเรียนคณะอะไรจากรหัสนิสิต,การสร้าง Feature ใหม่โดยการหาค่าเฉลี่ยการใช้นำ้ประปาในแต่ละสัปดาห์,2,NULL
"หลังจากการแปลงระดับการศึกษาที่มีค่าดังต่อไปนี้ Primary school, High school, และ University ด้วยวิธี Ordinal encoding จะทำให้ได้ Feature vector ที่มีกี่ Dimension",1,2,3,4,1,NULL
"หลังจากการแปลงประเภทห้องพักที่มีค่าดังต่อไปนี้ Single, Deluxe, Grand ด้วยวิธี One-hot encoding จะทำให้ได้ Feature vector ที่มีกี่ Dimension",1,3,5,7,2,NULL
ตัวเลือกใดกล่าวผิด,Distance ระหว่าง One-hot vectors ใด ๆ มีค่าเท่ากันเสมอ,Word embedding คือการเปลี่ยนคำแต่ละคำให้เป็น Numeric vector,Distance ระหว่าง Ordinal encoded vectors ใดๆมีค่าเท่ากับ 1 เสมอ,ถูกทุกตัวเลือก,3,NULL
ตัวเลือกใดเป็นวิธีจัดการ Missing data,Sample removal,Feature removal,Imputation,ถูกทุกตัวเลือก,4,NULL
ถ้ามี Feature หนึ่งที่มีข้อมูลหายไป 95% ควรจัดการอย่างไร,Remove samples ที่ไม่มีข้อมูลของ Feature นั้น,Remove feature นั้นทิ้งไป,แทนที่ข้อมูลที่หายไปด้วย 0,ถูกทุกตัวเลือก,2,NULL
"Feature หนึ่งใน มีค่าเป็น 10,20,10,30,20 และ 10,30,20 สำหรับใน Training set และ Test set ตามลำดับ ถ้าจะใช้ค่าเฉลี่ยในการ Impute missing values ควรใช้ค่าอะไรในการ Impute Missing values ใน Test set",18,20,18.75,0,1,NULL
Feature transformation แบบใดที่ไม่เปลี่ยน Distribution shape,Power transforms,Min-max scaling,Standardization,ถูกทุกตัวเลือก,4,NULL
โมเดลในตัวเลือกใดไม่จำเป็นต้องทำ Feature scaling,Linear regression,Neural network,Tree-based models,Support vector machine,3,NULL
ฟังก์ชัน fit_transform ใน sklearn ควรใช้กับข้อมูลใด,Training set,Test set,Validation set,ถูกต้องทุกตัวเลือก,1,NULL
ถ้าจะทำการ Fine-tune โมเดล Random Forest ด้วยวิธี Grid search โดยมี hyperparameters ดังนี้,1 รอบ,10 รอบ,60 รอบ,90 รอบ,4,Screenshot_94.png
ข้อใดกล่าวไม่ถูกต้องเกี่ยวกับ Randomized search,สามารถกำหนดจำนวนรอบในการเทรนโมเดลเพื่อหา Hyperparameters ที่เหมาะสมได้,ค่า Hyperparameter เป็นการสุ่มจาก Distribution ที่กำหนดให้,ใช้วิธี Randomized search เมื่อรู้ค่าที่แน่นอนของ Hyperparameters ที่จะทดลอง,ค่า Hyperparameters ที่เหมาะสมที่สุดที่ได้จาก Randomized search คือค่าที่ทำให้โมเดลมีประสิทธิภาพบน Validation sets มากที่สุด,3,NULL
"กำหนดให้จำนวนต้นไม้ที่เหมาะสมที่สุดในโมเดล Random Forest คือ 100 ต้น ซึ่งได้จากการทำ Grid search โดยทดลองด้วยจำนวน 10, 50, 100 ต้น ควรทำอย่างไรต่อ",Search ต่อ เพราะว่าค่าที่เหมาะสมเป็นค่าที่ขอบที่ทดลอง,นำไปใช้ได้เลย เพราะเป็นค่าที่ทำให้โมเดลมีประสิทธิภาพที่ดีที่สุดแล้ว,XXX,XXX,1,NULL
ตัวเลือกใดคือจุดประสงค์ของการทำ Model analysis,เพื่อเข้าใจ Errors ในการทำนายมากขึ้น,เพื่อเข้าใจว่า Features ใดสำคัญต่อ Target ที่ทำนาย,เพื่อเข้าใจว่า Features ใดบ้างมีอิทธิพลในการทำนายในแต่ละ Instance,ถูกต้องทุกตัวเลือก,4,NULL
ข้อใดกล่าวถูกต้องเกี่ยวกับ SHAP,SHAP เป็นวิธีที่ใช้ในการแปลความหมายของการทำนายว่า Features ใดมีความสำคัญเท่าไหร่,SHAP ใช้ได้กับปัญหา Regression เท่านั้น,SHAP ใช้ได้กับปัญหา Classification เท่านั้น,SHAP ใช้ได้กับ Tree-based models เท่านั้น,1,NULL
ตัวเลือกใดเป็นการ Visualisation เพื่อช่วยในการทำ Error analysis,Confusion matrix สำหรับปัญหา Classification,Scatter plot ระหว่างค่าจริงกับค่าที่โมเดลทำนาย สำหรับปัญหา Regression,Force plot เพื่อแสดงค่า SHAP สำหรับผลการทำนาย Samples ที่โมเดลทำนายผิด,ถูกต้องทุกตัวเลือก,4,NULL
ตัวเลือกใดเป็นข้อแตกต่างของ supervised และ unsupervised learning,supervised learning มีตัวอย่าง target output แต่ unsupervised learning ไม่มี,supervised learning มีผู้สอนกำหนด objective function ให้ แต่ unsupervised learning ไม่มี,supervised learning เป็นการทำงานตามคำสั่ง แต่ unsupervised learning เป็นการทำงานแบบสุ่ม,ทั้งสองรูปแบบไม่ต่างกัน,1,NULL
ตัวเลือกใดเป็นตัวอย่างของ cluster ที่ดี,สมาชิกใน cluster มีรูปแบบคล้ายๆ กัน,สมาชิกต่าง cluster มีรูปแบบต่างกัน,จำนวนสมาชิกใน cluster ไม่น้อยจนเกินเหตุ,ถูกทุกตัวเลือก,4,NULL
distance กับ similarity ต่างกันอย่างไร,distance ยาวได้ไม่จำกัด แต่ similarity มีค่าสูงสุดจำกัด,distance มีค่าต่ำสุด แต่ similarity ไม่มีค่าต่ำสุด,distance เป็นค่าต่อเนื่อง แต่ similarity เป็นค่าไม่ต่อเนื่อง,distance ใช้กับตัวเลข ส่วน similarity ใช้กับข้อมูลชนิดกลุ่ม,1,NULL
เราจะประเมินผล clustering ได้อย่างไรบ้าง,ใช้ labeled data เข้ามาช่วย แล้วประเมินแบบเดียวกับ supervised learning,วัดความคล้ายของสมาชิกภายใน cluster และความต่างของสมาชิกระหว่าง cluster,วัดความแปรปรวนภายใน cluster,ถูกทุกตัวเลือก,4,NULL
ตัวเลือกใดไม่ถูกต้อง,Euclidean distance เหมาะกับข้อมูลที่เป็นตัวเลข มีค่าต่อเนื่อง,Hamming distance เหมาะกับข้อมูลชนิดกลุ่ม,Manhattan distance เหมาะกับข้อมูลที่เป็นตัวเลข,Cosine similarity เหมาะกับข้อมูลที่แต่ละมิติมีการกระจายไม่เท่ากัน,4,NULL
ตัวเลือกใดเป็นสาเหตุให้ต้องลดมิติของข้อมูล,เพื่อให้แสดงผลได้ง่าย,เพื่อประหยัดพื้นที่ในการเก็บข้อมูล,เพื่อเลือกเฉพาะข้อมูลที่เป็นประโยชน์,ถูกทุกตัวเลือก,4,NULL
จากรูปต่อไปนี้ ตัวเลือกใดเหมาะสมในการลดมิติของข้อมูลให้เหลือ 1 มิติ,เลือกเฉพาะข้อมูลในแกน x1,เลือกเฉพาะข้อมูลในแกน x2,ใช้ PCA เลือกแกนหลักแกนแรก,ใช้ t-SNE บีบข้อมูลให้เหลือแกนเดียว,4,unsup1-4994-16353152395180.png
ตัวเลือกใดเป็น cluster ที่น่าจะได้จาก k-means algorithm เมื่อกำหนด k=2,คำตอบที่ถูกคือ A,คำตอบที่ถูกคือ B,คำตอบที่ถูกคือ C,คำตอบที่ถูกคือ D,3,Q3-4994-16353153107786.png
ธุรกรรมการซื้อสินค้าของออนไลน์ลูกค้า ประกอบด้วย,Mean,Mode,"Mean ของประเภทร้านค้า, Mode ของยอดเงิน ช่วงเวลา และ timezone","Mean ของยอดเงิน, ช่วงเวลา และ mode ของ ประเภทร้านค้า timezone",4,Screenshot_95.png
ควรเลือกจำนวน cluster (k) อย่างไร,ทดลองทีละค่า k จากน้อยไปมาก,ตั้งให้จำนวน luster มากกว่าที่คาดว่าจะได้ระดับหนึ่ง,ใช้ elbow method,ถูกทุกตัวเลือก,4,NULL
ตัวเลือกใดเป็นวิธีการแบ่งกลุ่มข้อมูล (cluster) แบบมีลำดับ,แบ่งกลุ่มใหญ่ก่อน แล้วค่อยๆ แบ่งกลุ่มย่อยในกลุ่มใหญ่,สร้างกลุ่มย่อยก่อน แล้วค่อยๆ รวมกลุ่มย่อยเป็นกลุ่มใหญ่,กำหนดจำนวนกลุ่มทั้งหมดที่ต้องการ แล้วใช้ K-Means clustering,แบ่งกลุ่มใหญ่ก่อน แล้วค่อยๆ แบ่งกลุ่มย่อยในกลุ่มใหญ่ และ สร้างกลุ่มย่อยก่อน แล้วค่อยๆ รวมกลุ่มย่อยเป็นกลุ่มใหญ่,4,NULL
ตัวเลือกใดเป็นการกำหนดค่าเพื่อให้ได้ cluster ที่เป็นประโยชน์,กำหนดจำนวนสมาชิกขั้นต่ำใน cluster,กำหนดความแปรปรวนขั้นสูงใน cluster,กำหนดความลึกสูงสุดของ cluster,ถูกทุกตัวเลือก,4,NULL
จุดเด่นของ densibity-based clustering คืออะไร,หาจุดกึ่งกลางของ cluster ได้ง่าย,รองรับรูปร่างของ cluster หลายรูปแบบ,แบ่งข้อมูลเป็นลำดับชั้นได้สะดวก,กำหนดจำนวน cluster ได้,2,NULL
DBSCAN สร้าง cluster ได้อย่างไร,ลดระยะระหว่าง sample กับจุดศูนย์กลาง cluster,พิจารณาจำนวน sample ใน cluster ณ ขณะหนึ่ง,ลดความแปรปรวนของ sample ใน cluster ณ ขณะหนึ่ง,รวม sample ในพื้นที่เล็ก ๆ ที่หนาแน่นพอไว้ด้วยกัน,4,NULL
ใน association rule เราจะใช้เกณฑ์ใดในการพิจารณาว่า frequent itemset หนึ่งๆ นั้น น่าสนใจเพียงพอ,จำนวนครั้งที่ itemset นั้นปรากฏในชุดข้อมูล,จำนวนชนิดของ item ใน itemset,มูลค่ารวมของ itemset,จำนวนชิ้นของ item ใน itemset,1,NULL
support กับ confidence ต่างกันอย่างไร,ไม่แตกต่างกัน,support ใช้ในการเลือก itemset ส่วน confidence ใช้ในการเรียงลำดับ itemset,support ใช้กับ itemset 1 ชุด ส่วน confidence ใช้บอกความสัมพันธ์ของ itemset 2 ชุด,support เป็นความน่าจะเป็น มีค่า 0-1 ส่วน confidence เป็นคะแนนมีค่าบวกลบได้,3,NULL
เมื่อทำ matrix factorization A = B C จาก matrix ตั้งต้นขนาด A = |D|x|V| มาเป็น matrix B และ C ขนาด |D|x|T| และ |T|x|V| ตามลำดับแล้ว ตัวเลือกใดต่อไปนี้ถูกต้อง,เมื่อ |T| < |V| จะทำให้ matrix B ที่ได้ สามารถใช้ประมาณค่าแทน matrix A ได้ โดยใช้พื้นที่ลดลง,เราสามารถดูการกระกระจายของคำใน topic ได้โดยดูจากค่าใน matrix C,แต่ละแถว (row) ของ matrix A และ B เรียกว่า document vector,ถูกทุกตัวเลือก,4,NULL
เมื่อใช้ topic model เราจะหา topic vector ของเอกสารใหม่ที่ไม่ได้ใช้ train model ได้อย่างไร,กรณีที่เป็น matrix factorization ให้นำ word-topic distribution vector มาคูณกับ document-word vector,กรณีที่เป็น LDA ให้ fit document ใหม่กับ model เดิม เพื่อหา topic distribution vector,กรณีที่เป็น matrix factorization ให้เลือก vector ของเอกสารเดิมที่คล้ายกับเอกสารใหม่ที่สุดมาใช้,กรณีที่เป็น matrix factorization ให้นำ word-topic distribution vector มาคูณกับ document-word vector และ กรณีที่เป็น LDA ให้ fit document ใหม่กับ model เดิม เพื่อหา topic distribution vector,4,NULL
ตัวเลือกใดเป็นตัวอย่างการใช้งาน semi-supervised learning,เพิ่มจำนวนข้อมูลที่ใช้ในการ train model ขึ้นโดยไม่ต้องมี labeled data,เพิ่มความแม่นยำของ classification model โดยอาศัย unlabeled data,ปรับ model ให้เหมาะกับ data distribution ใหม่มากขึ้น,ถูกทุกตัวเลือก,4,NULL
ข้อใดไม่ใช่ time series,ข้อมูลปริมาณน้ำฝนรายวันในปี 2020,ค่าไฟฟ้าของห้องทุกห้องในคอนโดตอนเดือนมกราคม 2020,ราคาหุ้นรายวันของบริษัทในกลุ่ม S&P500 ในช่วงสัปดาห์สุดท้ายของปี 2020,อุณหภูมิเฉลี่ยรายปีของประเทศสหรัฐตั้งแต่ปี 1950 ถึง 2000,2,NULL
ข้อใดไม่ถูกต้องเกี่ยวกับข้อมูล time series,ข้อมูล time series อาจมีข้อมูลที่ขาดหายไปได้ จะต้องมีการเติมข้อมูลที่ขาดหายไปก่อนประมวลผล,ข้อมูล time series ต้องเก็บบนช่วงเวลาที่ห่างเท่า ๆ กัน,ข้อมูล time series เป็นข้อมูลที่มีลักษณะเปลี่ยนไปตามเวลา,ทุกข้อถูกต้องเกี่ยวกับ time series,4,NULL
ข้อมูลด้านล่างเป็นข้อมูลจำนวนผู้ป่วยใหม่โรคcovid-19รายวันในประเทศต่าง ๆ ข้อมูลดังกล่าวเป็นข้อมูลประเภทใด,เป็น time series แบบ univariate,เป็น time series แบบ multivariate,ไม่ใช่ time series,XXX,2,P01_Q03_covidcases-1-16352964186435.png
ข้อมูลด้านล่างเป็น time series ประเภทใด,Additive,Multiplicative,Pseudo-additive,XXX,1,P02_Q01_timeseries-1-16352964463987.png
เมื่อนำข้อมูลจากข้อหนึ่งมา decompose ด้วย seasonal decompose จากlibrary statsmodels จะได้ส่วนประกอบมาสามส่วนดังภาพด้านล่าง จงบอกว่าภาพใดเป็นส่วนประกอบใดของ time series,A - trend  B - seasonal  C - residual,A - seasonal  B - residual  C - trend,A - residual  B - trend  C - seasonal,ไม่มีข้อถูก,2,P02_Q02_decompose-1-16352964742969.png
ข้อใดไม่ถูกต้องเกี่ยวกับ time series decomposition,ข้อมูล time series จะประกอบด้วยสามส่วนเสมอ,Trend ของ time series บ่งบอกถึงความสัมพันธ์ระหว่างเวลาปัจจุบันกับเวลาก่อนหน้า,Seasonal ของ time series สามารถมีได้หลายระดับ,ถ้าเลือกวิธี decompose ที่เหมาะสมกับ time series จะได้ residual ที่มีขนาดเล็ก,1,NULL
ข้อใดกล่าวถูกต้องที่สุดเกี่ยวกับ stationary property ของ time series,time series ที่ stationary จะมีค่า variance ที่ต่ำกว่า non-stationary,time series ที่ stationary จะไม่มี seasonal แต่สามารถมี trend ได้,time series ที่ non-stationary จะสามารถนำมาวิเคราะห์ได้ง่ายกว่า stationary,ถ้าแบ่งข้อมูล stationary time series เป็นสองส่วน ค่า variance ของข้อมูลครึ่งแรกจะมีค่าเท่ากับของครึ่งหลัง,4,NULL
นายเอทำการวิเคราะห์ times series อันหนึ่งได้ผลลัพธ์มาตามข้อมูลด้านล่าง จะต้องใช้หลักฐานใดบ้างเพื่อสนับสนุนว่าข้อมูลนี้เป็น stationary time series,A: ข้อมูลนี้มี running mean ที่คงที่,B: ข้อมูลนี้มีค่า variance ที่น้อยกว่าค่า mean ทุกจุดของข้อมูล,C: ดูด้วยตาแล้วพบว่าข้อมูลนี้ไม่มี seasonal componentD: ADF test ได้ค่า p-value 0.005,F: ค่า autocorrelation ที่ตำแหน่งตั้งแต่ 1 ขึ้นไป ไม่ statistically significant,3,NULL
ข้อมูลด้านล่างไม่เป็น stationary เพราะเหตุใด,ไม่เป็นเพราะข้อมูลไม่ใช่ค่าคงที่,ไม่เป็นเพราะเป็นข้อมูลแบบ additive time series,ไม่เป็นเพราะมี seasonal component,ไม่เป็นเพราะมี residual component,3,P03_Q03_stationary-1-16352964886570.png
ถ้าจะแปลงข้อมูลในข้อสามให้กลายเป็นข้อมูล stationary จะต้องทำกระบวนการใดบ้าง,A,"A,B","A,B,C",ไม่สามารถปรับข้อมูลนี้ให้เป็น stationary ได้,2,anotherquestion.png
ข้อใดไม่ใช่ประโยชน์ของการ smoothing,สามารถนำมาใช้ทำนายอนาคตได้,สามารถนำมาลด noise ในข้อมูลได้,สามารถนำมาขับเน้นลักษณะสำคัญของ time series ให้เด่นชัดขึ้น,สามารถเอามาเปลี่ยนให้ข้อมูล nonstationary กลายเป็น stationary ได้,4,NULL
ถ้าต้องการใช้ smoothing กับข้อมูล time series ที่มี seasonality แต่ไม่มี trend ควรใช้ smoothing ประเภทใดดีที่สุด,Moving average,Single exponential moving average,Double exponential moving average,Triple exponential moving average,4,NULL
ข้อใดเป็นเหตุผลหลักที่จะใช้ moving average แทน exponential moving average,เมื่อต้องการให้น้ำหนักของข้อมูลในการเฉลี่ยเท่า ๆ กัน,เมื่อ time series มีเติบโตที่ช้ากว่า exponential,เมื่อต้องการให้ข้อมูลที่ smooth แล้วมีค่าใกล้ข้อมูลตั้งต้นมากขึ้น,ควรใช้ exponential moving average เสมอ,1,NULL
"SARIMA, ARIMA, ARMA จะทำงานได้ดีบนข้อมูล time series ที่มีลักษณะใด",ข้อมูล Stationary,ลักษณะของข้อมูลในอดีตบ่งบอกถึงลักษณะข้อมูลในอนาคต,ข้อมูลที่มี seasonality ชัดเจน,ข้อมูล Stationary และ ลักษณะของข้อมูลในอดีตบ่งบอกถึงลักษณะข้อมูลในอนาคต,4,NULL
ข้อใดไม่ถูกต้องเกี่ยวกับการทำนายบนข้อมูล time series,จะต้องแบ่งข้อมูล training และ testing ตามช่วงเวลา,โมเดล SARIMA จะได้ผลดีที่สุด เพราะสามารถรับมือข้อมูลได้ทุกประเภท,ถ้าข้อมูลที่ต้องการโมเดลมีการเปลี่ยนแปลงพิเศษในบางช่วงเวลาจะต้องมีการจัดการพิเศษกับข้อมูลตั้งต้น,มีกระบวนการเลือกโมเดล และประเมินผลของโมเดลที่คล้ายกับ supervised learning,2,NULL
"ข้อใดไม่ถูกต้องเกี่ยวกับโมเดล ARMA, ARIMA และ SARIMA",Autoregressive model ใช้ประโยชน์จากสัมพันธ์ระหว่างช่วงเวลาของ time series ที่ปรากฏใน autocorrelation,ส่วนของ I ในโมเดล ARIMA จะทำให้สามารถรับมือข้อมูลที่มี trend ได้,เวลาใช้โมเดลให้เลือกค่า p q ที่ทำให้ได้ค่า error น้อยที่สุดใน training data,Moving Average model คล้ายกับ linear regression ใน supervised learning ต่างตรงที่ Moving average จะใช้ความผิดพลาดของการทำนายก่อนหน้าเป็น feature,3,NULL
ข้อใดถูกต้องที่สุดเกี่ยวกับ confidence interval,ถ้า 90% confidence interval คือช่วง 9-11 ค่าที่แท้จริงของข้อมูลจะอยู่ในช่วง 8-12,ถ้า 90% confidence interval คือช่วง 9-11 มีโอกาส 90% ที่ค่าที่แท้จริงจะอยู่ในช่วง 9-11,Confidence interval ที่เปอร์เซ็นต์เดียวกันจะมีความกว้างเท่ากันเสมอ,Confidence interval จะกว้างขึ้นตาม % ค่า confidence,4,NULL
ข้อใดเป็นไม่ถูกต้องเกี่ยวกับ Facebook Prophet,สามารถใช้ค้นหา outlier ได้,สามารถทำทุกอย่างที่ SARIMA ทำได้,สามารถแบ่ง seasonal ได้หลายระดับ,สามารถใช้งานได้ดีแม้ว่าข้อมูลที่ใช้สร้างโมเดลกับข้อมูลจริงจะมีความแตกต่างกัน,4,NULL
กรณีใดบ้างที่ควรใช้ supervised learning แทน time series modeling,โมเดลปริมาณน้ำฝน PM2.5 และอุณหภูมิในแต่ละวันของกรุงเทพ,มีข้อมูลน้อย เช่น มีรอบ seasonal เพียงหนึ่งรอบ,ต้องการศึกษา seasonal effect ในข้อมูล,ควรใช้ time series modeling กับข้อมูลที่มีความสัมพันธ์ระหว่างเวลาเสมอ,3,NULL
ข้อใดไม่ถูกต้องเกี่ยวกับการโมเดล time series,ควรมีการ transform ข้อมูลเพื่อทำให้โมเดล stationary มากขึ้นก่อนนำมาเทรนกับโมเดล,ถ้า time series เป็น multiplicative time series สามารถทำ log transform เพื่อใช้กับ additive model ได้,การทำsmoothingก่อนเทรนโมเดลสามารถช่วยให้โมเดลรับมือกับ outlier ได้ดีขึ้น,ควรใช้โมเดลที่ซับซ้อนที่สุดเพื่อจะได้รับมือกับข้อมูลทุกรูปแบบ,4,NULL
ข้อใดไม่ถูกต้องเกี่ยวกับการประยุกต์ใช้ time series modeling,สามารถนำ time series มา decompose เพื่อแสดง trend ของข้อมูลในการประกอบการตัดสินใจได้,สามารถนำ Confidence interval ของการทำนายใช้บอกจุดสูงสุดและต่ำสุดของความเป็นไปได้ของข้อมูลได้,เป็นการประยุกต์ใช้ที่ถูกต้องทุกข้อ,สามารถนำมาทำโมเดลเพื่อแจ้งเตือนในช่วงเวลาที่ผิดปกติ,1,NULL





